<?xml version="1.0" encoding="UTF-8"?>
<project-private xmlns="http://www.netbeans.org/ns/project-private/1">
    <data xmlns="http://www.netbeans.org/ns/make-project-private/1">
        <activeConfTypeElem>1</activeConfTypeElem>
        <activeConfIndexElem>0</activeConfIndexElem>
    </data>
    <editor-bookmarks xmlns="http://www.netbeans.org/ns/editor-bookmarks/2" lastBookmarkId="0"/>
    <open-files xmlns="http://www.netbeans.org/ns/projectui-open-files/1">
        <file>file:/C:/Users/Chris/Documents/NetBeansProjects/CBAssignment5/DOMPrintErrorHandler.hpp</file>
        <file>file:/C:/Users/Chris/Documents/NetBeansProjects/CBAssignment5/DOMPrintFilter.hpp</file>
        <file>file:/C:/Users/Chris/Documents/NetBeansProjects/CBAssignment5/DOMTreeErrorReporter.hpp</file>
        <file>file:/C:/Users/Chris/Documents/NetBeansProjects/CBAssignment5/DOMPrintErrorHandler.cpp</file>
        <file>file:/C:/Users/Chris/Documents/NetBeansProjects/CBAssignment5/DOMPrintFilter.cpp</file>
        <file>file:/C:/Users/Chris/Documents/NetBeansProjects/CBAssignment5/DOMTreeErrorReporter.cpp</file>
        <file>file:/C:/Users/Chris/Documents/NetBeansProjects/CBAssignment5/CreateDOMDocument.cpp</file>
    </open-files>
</project-private>
